Должность:Программист Python,Компания: ООО Ломекс Групп
Cсылка,https://hh.ru/vacancy/49381008?from=vacancy_search_list&query=python
Должность:Python developer,Компания: B2Broker Москва
Cсылка,https://hh.ru/vacancy/49120378?from=vacancy_search_list&query=python
Должность:Junior/Middle Data Product Analyst (Flime by Gismart),Компания: Gismart
Cсылка,https://rabota.by/vacancy/49106139?from=vacancy_search_list&query=python
Должность:Python Engineer,Компания: AWEM
Cсылка,https://rabota.by/vacancy/47134361?from=vacancy_search_list&query=python
Должность:Python developer,Компания: ООО Реслив
Cсылка,https://rabota.by/vacancy/48573686?from=vacancy_search_list&query=python
Должность:Python Developer,Компания: ООО АлюсофтБел
Cсылка,https://rabota.by/vacancy/49422364?from=vacancy_search_list&query=python
Должность:Python Developer,Компания: ООО Сампад
Cсылка,https://rabota.by/vacancy/48643726?from=vacancy_search_list&query=python
Должность:Python Engineer,Компания: ООО Инспекторио Бел
Cсылка,https://rabota.by/vacancy/49372168?from=vacancy_search_list&query=python
Должность:Python Developer,Компания: Gurtam
Cсылка,https://rabota.by/vacancy/48771242?from=vacancy_search_list&query=python
Должность:Python Developer (World of Tanks),Компания: Wargaming, Minsk (Game Stream)
Cсылка,https://rabota.by/vacancy/47146424?from=vacancy_search_list&query=python
Должность:Python Developer,Компания: Zaochnik.com
Cсылка,https://rabota.by/vacancy/48501691?from=vacancy_search_list&query=python
Должность:Python Software Engineer,Компания: ООО Центр Разработки ПИ ЭС ЭЙ
Cсылка,https://rabota.by/vacancy/48811339?from=vacancy_search_list&query=python
Должность:Python Software Engineer,Компания: ООО ЧейнАртСофт
Cсылка,https://rabota.by/vacancy/49040006?from=vacancy_search_list&query=python
Должность:Junior Machine Learning/Data Science инженер,Компания: Innowise Group / Фабрика инноваций и решений
Cсылка,https://rabota.by/vacancy/49001417?from=vacancy_search_list&query=python
Должность:Python Engineer / C++,Компания: ЗАО ОКСАДЖАЙЛ
Cсылка,https://rabota.by/vacancy/49372627?from=vacancy_search_list&query=python
Должность:Junior/Middle Python BackEnd Developer,Компания: ООО Проект Дилбай
Cсылка,https://rabota.by/vacancy/49318051?from=vacancy_search_list&query=python
Должность:Python developer,Компания: Innowise Group / Фабрика инноваций и решений
Cсылка,https://rabota.by/vacancy/44270356?from=vacancy_search_list&query=python
Должность:Разработчик Python,Компания: ООО Бэлл Интегратор
Cсылка,https://rabota.by/vacancy/49319158?from=vacancy_search_list&query=python
Должность:Python Engineer (Tools, WoTBlitz),Компания: Wargaming, Minsk (Game Stream)
Cсылка,https://rabota.by/vacancy/46387983?from=vacancy_search_list&query=python
Должность:Python Backend Developer (СберЗвук Бизнес),Компания: СберЗвук
Cсылка,https://hh.ru/vacancy/48495260?from=vacancy_search_list&query=python
Должность:Python Developer,Компания: 21vek.by
Cсылка,https://rabota.by/vacancy/49085526?from=vacancy_search_list&query=python
Должность:Python developer,Компания: Oxagile
Cсылка,https://rabota.by/vacancy/49223543?from=vacancy_search_list&query=python
Должность:Middle Python Developer for CloudLinux OS [Remote],Компания: Cloud Linux
Cсылка,https://hh.ru/vacancy/46052426?from=vacancy_search_list&query=python
Должность:Senior Python/Go Developer at Orca Security,Компания: ООО Он Зэ Спот Девелопмент
Cсылка,https://rabota.by/vacancy/48944777?from=vacancy_search_list&query=python
Должность:Программист Python (Django),Компания: Иксван
Cсылка,https://rabota.by/vacancy/48529241?from=vacancy_search_list&query=python
Должность:Senior Software Engineer (Python, Go) at Orca Security,Компания: ООО Он Зэ Спот Девелопмент
Cсылка,https://rabota.by/vacancy/48330667?from=vacancy_search_list&query=python
Должность:Lead Python Developer,Компания: Innowise Group / Фабрика инноваций и решений
Cсылка,https://rabota.by/vacancy/49162392?from=vacancy_search_list&query=python
Должность:Backend  python/django Developer,Компания: ЗАО МАПСОФТ
Cсылка,https://rabota.by/vacancy/48979006?from=vacancy_search_list&query=python
Должность:Infrastructure Engineer (DevOps, Python) - Disaster Management,Компания: ООО Контурные карты
Cсылка,https://rabota.by/vacancy/44054133?from=vacancy_search_list&query=python
Должность:Python Developer,Компания: Innowise Group / Фабрика инноваций и решений
Cсылка,https://rabota.by/vacancy/48956944?from=vacancy_search_list&query=python
Должность:Senior python developer | Sync team,Компания: RocketData
Cсылка,https://rabota.by/vacancy/46789639?from=vacancy_search_list&query=python
Должность:Python Middle Developer,Компания: Itransition
Cсылка,https://rabota.by/vacancy/46439767?from=vacancy_search_list&query=python
Должность:Python Developer,Компания: Девхаб
Cсылка,https://rabota.by/vacancy/39892371?from=vacancy_search_list&query=python
Должность:Senior Python Developer,Компания: УП Руна Системс
Cсылка,https://rabota.by/vacancy/48881114?from=vacancy_search_list&query=python
Должность:Python developer (защита от DDoS-атак),Компания: Itransition
Cсылка,https://rabota.by/vacancy/46410749?from=vacancy_search_list&query=python
Должность:Middle Backend-разработчик Django,Компания: ООО Фотоиндастри
Cсылка,https://hh.ru/vacancy/49131067?from=vacancy_search_list&query=python
Должность:Senior python developer | Feedback team,Компания: RocketData
Cсылка,https://rabota.by/vacancy/46789109?from=vacancy_search_list&query=python
Должность:Data Scientist (ML Researcher / Computer Vision Engineer),Компания: IBA Group
Cсылка,https://rabota.by/vacancy/49014534?from=vacancy_search_list&query=python
Должность:Python Developer,Компания: Andersen
Cсылка,https://rabota.by/vacancy/49071864?from=vacancy_search_list&query=python
Должность:Python Developer,Компания: ООО СолбегСофт
Cсылка,https://rabota.by/vacancy/46331257?from=vacancy_search_list&query=python
Должность:RPA Developer,Компания: IBA Group
Cсылка,https://rabota.by/vacancy/48518981?from=vacancy_search_list&query=python
Должность:Middle/Senior SRE Engineer,Компания: SOFTSWISS
Cсылка,https://rabota.by/vacancy/45704500?from=vacancy_search_list&query=python
Должность:Инженер-программист (ETL, SQL) junior,Компания: ОАО БПС-Сбербанк
Cсылка,https://rabota.by/vacancy/49329069?from=vacancy_search_list&query=python
Должность:Middle/Senior QA Automation Engineer,Компания: Oxagile
Cсылка,https://rabota.by/vacancy/48616836?from=vacancy_search_list&query=python
Должность:C++ Developer,Компания: SoftTeco
Cсылка,https://rabota.by/vacancy/49314849?from=vacancy_search_list&query=python
Должность:Product Analyst,Компания: APALON
Cсылка,https://rabota.by/vacancy/48980334?from=vacancy_search_list&query=python
Должность:Data Engineer,Компания: ООО Фриплэй
Cсылка,https://rabota.by/vacancy/48646458?from=vacancy_search_list&query=python
Должность:Data Analyst,Компания: ООО ХЭППИ ГЕЙМС СТУДИО
Cсылка,https://hh.ru/vacancy/46913040?from=vacancy_search_list&query=python
Должность:QA Automation Engineer (Python),Компания: Andersen
Cсылка,https://rabota.by/vacancy/48610224?from=vacancy_search_list&query=python
Должность:Mid Full Stack Engineer,Компания: ООО Кибер Лид
Cсылка,https://rabota.by/vacancy/49438197?from=vacancy_search_list&query=python
Должность:DataOps/Data Engineer,Компания: Wargaming, Moscow
Cсылка,https://rabota.by/vacancy/41557398?from=vacancy_search_list&query=python
Должность:Data Analyst,Компания: ООО Фриплэй
Cсылка,https://rabota.by/vacancy/47736534?from=vacancy_search_list&query=python
Должность:Senior Machine Learning Engineer,Компания: InData Labs / ИнДата Лабс
Cсылка,https://rabota.by/vacancy/49342634?from=vacancy_search_list&query=python
Должность:Data Analyst / Data Science,Компания: ООО Альмус Медиа Бай
Cсылка,https://rabota.by/vacancy/48979996?from=vacancy_search_list&query=python
Должность:Team Lead (Python, Go) at Orca Security,Компания: ООО Он Зэ Спот Девелопмент
Cсылка,https://rabota.by/vacancy/48330993?from=vacancy_search_list&query=python
Должность:Middle/Senior Data Analyst,Компания: ООО Изибрэйн
Cсылка,https://rabota.by/vacancy/45193239?from=vacancy_search_list&query=python
Должность:Full-Stack (Python) Team Leader at Shopic,Компания: ООО Он Зэ Спот Девелопмент
Cсылка,https://rabota.by/vacancy/48834443?from=vacancy_search_list&query=python
Должность:Data Integration Engineer,Компания: Syberry CIS
Cсылка,https://rabota.by/vacancy/47198885?from=vacancy_search_list&query=python
Должность:Data Engineer,Компания: IBA Group
Cсылка,https://rabota.by/vacancy/48608521?from=vacancy_search_list&query=python
Должность:ML Engineer,Компания: ООО Мобильная аналитика / ТМ SplitMetrics
Cсылка,https://rabota.by/vacancy/48856052?from=vacancy_search_list&query=python
Должность:Преподаватель по программированию в онлайн-школу,Компания: ООО Айтигенио
Cсылка,https://rabota.by/vacancy/49277861?from=vacancy_search_list&query=python
Должность:C++ Developer,Компания: НПООО ОКБ ТСП
Cсылка,https://rabota.by/vacancy/49369667?from=vacancy_search_list&query=python
Должность:QA manual and automation Engineer (Platform),Компания: Wargaming, Minsk (Game Stream)
Cсылка,https://rabota.by/vacancy/48805030?from=vacancy_search_list&query=python
Должность:Инженер-программист группы бизнес аналитики и разработки (BI),Компания: А1. Информационные технологии, телеком
Cсылка,https://rabota.by/vacancy/48295362?from=vacancy_search_list&query=python
Должность:Специалист по автоматизации тестирования,Компания: А1. Информационные технологии, телеком
Cсылка,https://rabota.by/vacancy/49190129?from=vacancy_search_list&query=python
Должность:Software developer (C++/Core),Компания: ООО Вочи
Cсылка,https://rabota.by/vacancy/49042332?from=vacancy_search_list&query=python
Должность:DevOps Engineer,Компания: Syberry CIS
Cсылка,https://rabota.by/vacancy/47560020?from=vacancy_search_list&query=python
Должность:Automation QA Engineer,Компания: ООО Avanta / Сампад
Cсылка,https://rabota.by/vacancy/47791199?from=vacancy_search_list&query=python
Должность:DevOps Engineer at Cycode,Компания: ООО Он Зэ Спот Девелопмент
Cсылка,https://rabota.by/vacancy/49051119?from=vacancy_search_list&query=python
Должность:DevOps Engineer/SRE,Компания: ООО Инспекторио Бел
Cсылка,https://rabota.by/vacancy/49372150?from=vacancy_search_list&query=python
Должность:DevOps Engineer,Компания: ООО АйтиРекс Групп
Cсылка,https://rabota.by/vacancy/48956259?from=vacancy_search_list&query=python
Должность:DevOps Engineer (Platform Infrastructure),Компания: G-Core Labs
Cсылка,https://hh.ru/vacancy/49414410?from=vacancy_search_list&query=python
Должность:Java Software Engineer,Компания: ООО Центр Разработки ПИ ЭС ЭЙ
Cсылка,https://rabota.by/vacancy/48536706?from=vacancy_search_list&query=python
Должность:Junior Database Administrator,Компания: Tango Me
Cсылка,https://hh.ru/vacancy/47568090?from=vacancy_search_list&query=python
Должность:Senior QA Engineer,Компания: ООО Инспекторио Бел
Cсылка,https://rabota.by/vacancy/49180058?from=vacancy_search_list&query=python
Должность:Kernel Developer,Компания: Cloud Linux
Cсылка,https://hh.ru/vacancy/48202523?from=vacancy_search_list&query=python
Должность:Web developer,Компания: ООО Бануба Девелопмент
Cсылка,https://rabota.by/vacancy/47844372?from=vacancy_search_list&query=python
Должность:DevOps Engineer,Компания: 21vek.by
Cсылка,https://rabota.by/vacancy/45226043?from=vacancy_search_list&query=python
Должность:Back-end Developer (Platform Team),Компания: Gismart
Cсылка,https://rabota.by/vacancy/46510103?from=vacancy_search_list&query=python
Должность:Product Analyst,Компания: BGSoft
Cсылка,https://rabota.by/vacancy/49359280?from=vacancy_search_list&query=python
Должность:Junior Node Developer,Компания: ЮМАСОФТ
Cсылка,https://rabota.by/vacancy/49018291?from=vacancy_search_list&query=python
Должность:.Net Developer at Cycode,Компания: ООО Он Зэ Спот Девелопмент
Cсылка,https://rabota.by/vacancy/49051025?from=vacancy_search_list&query=python
Должность:Senior DevOps Developer,Компания: Innowise Group / Фабрика инноваций и решений
Cсылка,https://rabota.by/vacancy/49424687?from=vacancy_search_list&query=python
Должность:Java Software Engineer (for Nexxiot team),Компания: ООО Кортлекс Бел
Cсылка,https://rabota.by/vacancy/46485115?from=vacancy_search_list&query=python
Должность:Администратор серверов Linux,Компания: GeliosSoft
Cсылка,https://rabota.by/vacancy/49380484?from=vacancy_search_list&query=python
Должность:Системный администратор (инженер)/специалист технической поддержки,Компания: Белорусские облачные технологии
Cсылка,https://rabota.by/vacancy/49027551?from=vacancy_search_list&query=python
Должность:Android Developer,Компания: ООО Сампад
Cсылка,https://rabota.by/vacancy/48752662?from=vacancy_search_list&query=python
Должность:Frontend Developer,Компания: ООО Сампад
Cсылка,https://rabota.by/vacancy/48599476?from=vacancy_search_list&query=python
Должность:SRE engineer,Компания: Tango Me
Cсылка,https://hh.ru/vacancy/49413127?from=vacancy_search_list&query=python
Должность:Embedded Developer,Компания: ООО ЛАЦИТ - Лаборатория цифровых технологий
Cсылка,https://rabota.by/vacancy/47071400?from=vacancy_search_list&query=python
Должность:Senior Front-end Engineer (Angular),Компания: ООО Инспекторио Бел
Cсылка,https://rabota.by/vacancy/49370662?from=vacancy_search_list&query=python
Должность:IT Recruiter,Компания: ООО Он Зэ Спот Девелопмент
Cсылка,https://rabota.by/vacancy/49103165?from=vacancy_search_list&query=python
Должность:Ведущий инженер-исследователь,Компания: ОАО Пеленг
Cсылка,https://rabota.by/vacancy/48828833?from=vacancy_search_list&query=python
Должность:Middle C++ Gameplay Programmer,Компания: ООО G5 Entertainment AB
Cсылка,https://hh.ru/vacancy/49362355?from=vacancy_search_list&query=python
Должность:Системный администратор,Компания: ИксБи Софтваре
Cсылка,https://rabota.by/vacancy/49111469?from=vacancy_search_list&query=python
Должность:Business Analyst,Компания: ООО Сампад
Cсылка,https://rabota.by/vacancy/45927890?from=vacancy_search_list&query=python
Должность:Metagame Server Developer,Компания: Wargaming, Moscow
Cсылка,https://rabota.by/vacancy/47174033?from=vacancy_search_list&query=python
Должность:Системный администратор,Компания: ООО АСД Лабс
Cсылка,https://rabota.by/vacancy/48912491?from=vacancy_search_list&query=python
Должность:DevOps Specialist (Middle+),Компания: ООО СтаркГеймз
Cсылка,https://rabota.by/vacancy/49384521?from=vacancy_search_list&query=python
Должность:Разработчик мобильных приложений для iOS | Яндекс.Толока,Компания: Яндекс
Cсылка,https://hh.ru/vacancy/48582153?from=vacancy_search_list&query=python
Должность:DevOps engineer,Компания: Инновационная компания Promwad
Cсылка,https://rabota.by/vacancy/49368241?from=vacancy_search_list&query=python
Должность:Senior PHP Developer,Компания: Belitsoft
Cсылка,https://rabota.by/vacancy/48532257?from=vacancy_search_list&query=python
Должность:System Engineer (DevOps),Компания: Andersen
Cсылка,https://rabota.by/vacancy/49367338?from=vacancy_search_list&query=python
Должность:Embedded developer,Компания: SaM Solutions Самсолюшнс
Cсылка,https://rabota.by/vacancy/44405045?from=vacancy_search_list&query=python
Должность:Solidity Developer,Компания: Tencoins
Cсылка,https://hh.ru/vacancy/49366054?from=vacancy_search_list&query=python
Должность:Junior/Middle Web Analyst (проект Prom.ua),Компания: ООО Проект Дилбай
Cсылка,https://rabota.by/vacancy/49362222?from=vacancy_search_list&query=python
Должность:Data Analyst (Marketing),Компания: ООО Хайкор Геймз
Cсылка,https://rabota.by/vacancy/49197389?from=vacancy_search_list&query=python
Должность:Разработчик ETL,Компания: ООО Бэлл Интегратор
Cсылка,https://rabota.by/vacancy/48502808?from=vacancy_search_list&query=python
Должность:Junior Python Developer (Trainee/Students Lab),Компания: iTechArt Group
Cсылка,https://rabota.by/vacancy/48753175?from=vacancy_search_list&query=python
Должность:AI Scientist,Компания: ЗАО ОКСАДЖАЙЛ
Cсылка,https://rabota.by/vacancy/49345514?from=vacancy_search_list&query=python
Должность:DevOps Junior Engineer,Компания: Itransition
Cсылка,https://rabota.by/vacancy/49354859?from=vacancy_search_list&query=python
Должность:C Developer (L1),Компания: ООО Смарт АйТи
Cсылка,https://rabota.by/vacancy/49357256?from=vacancy_search_list&query=python
Должность:Middle QA Automation Engineer,Компания: iTechArt Group
Cсылка,https://rabota.by/vacancy/37834821?from=vacancy_search_list&query=python
Должность:Web analyst ( Middle),Компания: Пари-Матч
Cсылка,https://rabota.by/vacancy/49349439?from=vacancy_search_list&query=python
Должность:Automation Test Engineer,Компания: ООО Файненшл Технолоджи Компани
Cсылка,https://rabota.by/vacancy/48653970?from=vacancy_search_list&query=python
Должность:Senior QA Engineer,Компания: Mainsoft
Cсылка,https://rabota.by/vacancy/48467507?from=vacancy_search_list&query=python
Должность:C Linux developer,Компания: SaM Solutions Самсолюшнс
Cсылка,https://rabota.by/vacancy/47889899?from=vacancy_search_list&query=python
Должность:Full-stack Developer (Python, ReactJS),Компания: Solvd, Inc / Корпорация СОЛВД
Cсылка,https://rabota.by/vacancy/49331503?from=vacancy_search_list&query=python
Должность:Python Developer (Full-stack Middle/Senior),Компания: ООО СолбегСофт
Cсылка,https://rabota.by/vacancy/49309620?from=vacancy_search_list&query=python
Должность:Test Automation Engineer,Компания: ООО СофтКорп
Cсылка,https://rabota.by/vacancy/49320840?from=vacancy_search_list&query=python
Должность:DevOps Engineer,Компания: Gurtam
Cсылка,https://rabota.by/vacancy/48374225?from=vacancy_search_list&query=python
Должность:C/C++ Engineer (Netgear),Компания: ООО ИТС Партнёр
Cсылка,https://rabota.by/vacancy/48723791?from=vacancy_search_list&query=python
Должность:Billing Engineer,Компания: А1. Информационные технологии, телеком
Cсылка,https://rabota.by/vacancy/43602726?from=vacancy_search_list&query=python
Должность:Математик Игр (Game Mathematician),Компания: ООО Ридотто
Cсылка,https://rabota.by/vacancy/49242189?from=vacancy_search_list&query=python
Должность:Cloud DevOps Engineer,Компания: ООО СолбегСофт
Cсылка,https://rabota.by/vacancy/46065922?from=vacancy_search_list&query=python
Должность:Инженер-наладчик (Engineer),Компания: ООО КМ Лаб
Cсылка,https://rabota.by/vacancy/49255048?from=vacancy_search_list&query=python
Должность:Data Scientist,Компания: Andersen
Cсылка,https://rabota.by/vacancy/49222055?from=vacancy_search_list&query=python
Должность:SIEM (python) specialist,Компания: ЗАО Научсофт
Cсылка,https://rabota.by/vacancy/49220892?from=vacancy_search_list&query=python
Должность:IOS Developer,Компания: СофтЭфИкс
Cсылка,https://rabota.by/vacancy/45414882?from=vacancy_search_list&query=python
Должность:Machine Learning Team Lead,Компания: APALON
Cсылка,https://rabota.by/vacancy/45507396?from=vacancy_search_list&query=python
Должность:Full-stack Developer,Компания: ООО Ваведа Геймз / Vaveda Games
Cсылка,https://rabota.by/vacancy/49232432?from=vacancy_search_list&query=python
Должность:Software Tester,Компания: Дерив БАЙ
Cсылка,https://rabota.by/vacancy/49223282?from=vacancy_search_list&query=python
Должность:QA engineer (Manual) Middle-Senior,Компания: ООО АлгоБрейнз Сольюшнз
Cсылка,https://rabota.by/vacancy/49226385?from=vacancy_search_list&query=python
Должность:DevOps Engineer,Компания: ООО СолбегСофт
Cсылка,https://rabota.by/vacancy/46742919?from=vacancy_search_list&query=python
Должность:Team Lead Full Stack Developer,Компания: Belitsoft
Cсылка,https://rabota.by/vacancy/49228488?from=vacancy_search_list&query=python
Должность:DevOps engineer,Компания: Oxagile
Cсылка,https://rabota.by/vacancy/49209998?from=vacancy_search_list&query=python
Должность:DevOps Engineer (opportunity 1),Компания: Oxagile
Cсылка,https://rabota.by/vacancy/48358429?from=vacancy_search_list&query=python
Должность:Senior Front-End Developer,Компания: Innowise Group / Фабрика инноваций и решений
Cсылка,https://rabota.by/vacancy/49222588?from=vacancy_search_list&query=python
Должность:Senior Software Engineer (Python),Компания: Exadel
Cсылка,https://rabota.by/vacancy/47646079?from=vacancy_search_list&query=python
Должность:Главный инженер-программист Python Управления разработки и внедрения автоматизированных систем ДАС,Компания: Банк Белагропромбанк
Cсылка,https://rabota.by/vacancy/49197354?from=vacancy_search_list&query=python
Должность:Systems Engineer/DevOps (UE4-project),Компания: ООО Вайзор Геймз
Cсылка,https://rabota.by/vacancy/30316377?from=vacancy_search_list&query=python
Должность:DWH (Vertica) Developer,Компания: Belitsoft
Cсылка,https://rabota.by/vacancy/48223947?from=vacancy_search_list&query=python
Должность:Middle-to-Senior System Administrator / DevOps Engineer,Компания: Americor Funding Inc
Cсылка,https://hh.ru/vacancy/49083400?from=vacancy_search_list&query=python
Должность:Data Engineer,Компания: Itransition
Cсылка,https://rabota.by/vacancy/48188978?from=vacancy_search_list&query=python
Должность:DevOps инженер,Компания: ООО СтилтСофт Девелопмент
Cсылка,https://rabota.by/vacancy/49084186?from=vacancy_search_list&query=python
Должность:Data Engineer / Data Analyst,Компания: МТС. Маркетинг
Cсылка,https://rabota.by/vacancy/48363601?from=vacancy_search_list&query=python
Должность:Azure data engineer,Компания: ЗАО Научсофт
Cсылка,https://rabota.by/vacancy/48202081?from=vacancy_search_list&query=python
Должность:C++ Developer Middle,Компания: ООО ЛАЦИТ - Лаборатория цифровых технологий
Cсылка,https://rabota.by/vacancy/49080908?from=vacancy_search_list&query=python
Должность:QA Automation Engineer (JavaScript),Компания: Belitsoft
Cсылка,https://rabota.by/vacancy/48166391?from=vacancy_search_list&query=python
Должность:Senior QA Automation Engineer (Python + Selenium),Компания: CoinsPaid / ООО Партнерская программа
Cсылка,https://rabota.by/vacancy/49051411?from=vacancy_search_list&query=python
Должность:Data / BigData Solutions architect,Компания: ЗАО Научсофт
Cсылка,https://rabota.by/vacancy/45793547?from=vacancy_search_list&query=python
Должность:Senior DevOps инженер,Компания: Nitka Technologies
Cсылка,https://hh.ru/vacancy/48186385?from=vacancy_search_list&query=python
Должность:Ведущий специалист в отдел Офис данных,Компания: ОАО Белгазпромбанк
Cсылка,https://rabota.by/vacancy/49072483?from=vacancy_search_list&query=python
Должность:Senior PHP Engineer,Компания: ООО Касея БЛР
Cсылка,https://rabota.by/vacancy/49072866?from=vacancy_search_list&query=python
Должность:QA Automation Engineer (Software Developer in Test) Trainee,Компания: Godel Technologies Europe
Cсылка,https://rabota.by/vacancy/43348289?from=vacancy_search_list&query=python
Должность:Сетевой инженер,Компания: МТС. Техника
Cсылка,https://rabota.by/vacancy/47466458?from=vacancy_search_list&query=python
Должность:QA Automation Engineer,Компания: LeverX International
Cсылка,https://rabota.by/vacancy/49038450?from=vacancy_search_list&query=python
Должность:QA Engineer,Компания: LeverX International
Cсылка,https://rabota.by/vacancy/49038463?from=vacancy_search_list&query=python
Должность:Data Scientist,Компания: Itransition
Cсылка,https://rabota.by/vacancy/46439665?from=vacancy_search_list&query=python
Должность:Junior DevOps Engineer,Компания: iTechArt Group
Cсылка,https://rabota.by/vacancy/45913632?from=vacancy_search_list&query=python
Должность:Middle / Senior Data Engineer (AWS),Компания: Godel Technologies Europe
Cсылка,https://rabota.by/vacancy/41097681?from=vacancy_search_list&query=python
Должность:Data engineer,Компания: IBA Group
Cсылка,https://rabota.by/vacancy/46337525?from=vacancy_search_list&query=python
Должность:Middle/Senior .NET Developer,Компания: ООО СК хайникс мемори солюшнс Восточная Европа
Cсылка,https://rabota.by/vacancy/46014049?from=vacancy_search_list&query=python
Должность:Atlassian Admin,Компания: LeverX International
Cсылка,https://rabota.by/vacancy/45538183?from=vacancy_search_list&query=python
Должность:Software Developer in Test (Automation QA Engineer),Компания: Godel Technologies Europe
Cсылка,https://rabota.by/vacancy/41097754?from=vacancy_search_list&query=python
Должность:Generalist/R&D Software Engineer,Компания: ООО Вайзор Геймз
Cсылка,https://rabota.by/vacancy/38315128?from=vacancy_search_list&query=python
Должность:Технический художник / Tech Artist,Компания: ООО Игро Тэк
Cсылка,https://rabota.by/vacancy/38984389?from=vacancy_search_list&query=python
Должность:DevOps engineer,Компания: ООО Netcracker Technology Corp.
Cсылка,https://rabota.by/vacancy/47166349?from=vacancy_search_list&query=python
Должность:Веб-разработчик PHP,Компания: ООО ЮнайтедТиМ
Cсылка,https://rabota.by/vacancy/46340096?from=vacancy_search_list&query=python
Должность:IT Deployment Cloud Engineer,Компания: ООО Netcracker Technology Corp.
Cсылка,https://rabota.by/vacancy/47166566?from=vacancy_search_list&query=python
Должность:Systems Engineer,Компания: ООО Вайзор Геймз
Cсылка,https://rabota.by/vacancy/47162866?from=vacancy_search_list&query=python
Должность:Экономист отдела кредитных рисков управления риск-менеджмента,Компания: ОАО Белгазпромбанк
Cсылка,https://rabota.by/vacancy/48305832?from=vacancy_search_list&query=python
Должность:PaaS Systems Engineer,Компания: ООО Netcracker Technology Corp.
Cсылка,https://rabota.by/vacancy/47166688?from=vacancy_search_list&query=python
Должность:IT Group Manager,Компания: ООО Netcracker Technology Corp.
Cсылка,https://rabota.by/vacancy/47166763?from=vacancy_search_list&query=python
Должность:QA Manual,Компания: Belitsoft
Cсылка,https://rabota.by/vacancy/48042991?from=vacancy_search_list&query=python
Должность:Middle/Senior QA Automation engineer,Компания: ООО Навексофт
Cсылка,https://rabota.by/vacancy/48883385?from=vacancy_search_list&query=python
Должность:​​​​​​​Software Engineer Odoo,Компания: HYPERVSN (by Kino-mo)
Cсылка,https://rabota.by/vacancy/48868661?from=vacancy_search_list&query=python
Должность:Senior QA Automation Engineer,Компания: ООО ИТС Партнёр
Cсылка,https://rabota.by/vacancy/48243824?from=vacancy_search_list&query=python
Должность:Microsoft Database / BI Senior Developer,Компания: ЗАО Научсофт
Cсылка,https://rabota.by/vacancy/48887692?from=vacancy_search_list&query=python
Должность:Тестировщик ПО-стажер,Компания: SaM Solutions Самсолюшнс
Cсылка,https://rabota.by/vacancy/48855342?from=vacancy_search_list&query=python
Должность:Software Engineer/Python developer - SRE,Компания: ZiMAD
Cсылка,https://hh.ru/vacancy/47041812?from=vacancy_search_list&query=python
Должность:Data Analyst,Компания: Nitka Technologies
Cсылка,https://hh.ru/vacancy/48627629?from=vacancy_search_list&query=python
Должность:Software Engineer (Backend),Компания: ZiMAD
Cсылка,https://hh.ru/vacancy/47041839?from=vacancy_search_list&query=python
Должность:Software Engineer (Senior),Компания: ZiMAD
Cсылка,https://hh.ru/vacancy/47041782?from=vacancy_search_list&query=python
Должность:Senior Software Engineer,Компания: ZiMAD
Cсылка,https://hh.ru/vacancy/47041794?from=vacancy_search_list&query=python
Должность:Team lead на Web проект,Компания: ООО ЭС-АЙ Безопасность
Cсылка,https://hh.ru/vacancy/48603249?from=vacancy_search_list&query=python
Должность:Продуктовый аналитик-Игровой аналитик (Product Analyst / Game Analyst, Middle),Компания: Nexters
Cсылка,https://hh.ru/vacancy/43565590?from=vacancy_search_list&query=python
Должность:Разработчик SQL,Компания: Social Discovery Ventures
Cсылка,https://hh.ru/vacancy/48541612?from=vacancy_search_list&query=python
Должность:Full Stack Developer (Python, JS/TS),Компания: АО Аркадия
Cсылка,https://hh.ru/vacancy/48476324?from=vacancy_search_list&query=python
Должность:Lead QA Engineer,Компания: Nitka Technologies
Cсылка,https://hh.ru/vacancy/48549638?from=vacancy_search_list&query=python
Должность:Lead/Senior Marketing Analyst (UA),Компания: Playrix
Cсылка,https://hh.ru/vacancy/47336150?from=vacancy_search_list&query=python
Должность:Data Engineer (Infrastructure),Компания: ZiMAD
Cсылка,https://hh.ru/vacancy/47751533?from=vacancy_search_list&query=python
Должность:С++ Game Developer (Программист C++),Компания: Playrix
Cсылка,https://hh.ru/vacancy/48523476?from=vacancy_search_list&query=python
Должность:Lead QA Automation Engineer,Компания: ООО Melsoft Games
Cсылка,https://rabota.by/vacancy/48711099?from=vacancy_search_list&query=python
Должность:Tech lead / Senior developer,Компания: ООО ЭС-АЙ Безопасность
Cсылка,https://hh.ru/vacancy/48603370?from=vacancy_search_list&query=python
Должность:SMM-менеджер / Таргетолог,Компания: ООО Тич Ит
Cсылка,https://rabota.by/vacancy/48679897?from=vacancy_search_list&query=python
Должность:Data Architect,Компания: Nitka Technologies
Cсылка,https://hh.ru/vacancy/48185291?from=vacancy_search_list&query=python
Должность:Frontend-разработчик (React)Junior Middle,Компания: ООО Оулс Груп
Cсылка,https://rabota.by/vacancy/49412860?from=vacancy_search_list&query=python
Должность:Lead Java Developer (OpenL),Компания: EIS Group
Cсылка,https://rabota.by/vacancy/48661634?from=vacancy_search_list&query=python
Должность:Программист (Unreal Engine / C++),Компания: ООО Серпико
Cсылка,https://rabota.by/vacancy/49367486?from=vacancy_search_list&query=python
